{"cameraMode":{"drawMode":0,"name":"Shaded","section":"Shading Mode"},"sceneLighting":true,"audioPlay":false,"sceneViewState":{"showFog":true,"showMaterialUpdate":false,"showSkybox":true,"showFlares":true,"showImageEffects":true,"showParticleSystems":true},"in2DMode":false,"pivot":{"x":-0.7112020254135132,"y":-2.0575449466705324,"z":1.2140053510665894},"rotation":{"x":0.07550390064716339,"y":0.3488864600658417,"z":0.028213080018758775,"w":-0.9336923956871033},"size":4.035952568054199,"orthographic":false}