{"cameraMode":{"drawMode":0,"name":"Shaded","section":"Shading Mode"},"sceneLighting":false,"audioPlay":false,"sceneViewState":{"showFog":true,"showMaterialUpdate":false,"showSkybox":true,"showFlares":true,"showImageEffects":true,"showParticleSystems":true},"in2DMode":false,"pivot":{"x":-0.3215515613555908,"y":-1.7497875690460206,"z":0.38083362579345705},"rotation":{"x":0.009973354637622834,"y":-0.9883159399032593,"z":0.1327298879623413,"w":0.0742628425359726},"size":11.431534767150879,"orthographic":false}