{"cameraMode":{"drawMode":0,"name":"Shaded","section":"Shading Mode"},"sceneLighting":false,"audioPlay":false,"sceneViewState":{"showFog":true,"showMaterialUpdate":false,"showSkybox":true,"showFlares":true,"showImageEffects":true,"showParticleSystems":true},"in2DMode":false,"pivot":{"x":0.2109294831752777,"y":0.01325233280658722,"z":-0.45073971152305605},"rotation":{"x":0.08924692124128342,"y":0.7215865850448608,"z":-0.09470683336257935,"w":0.6799841523170471},"size":0.7111877799034119,"orthographic":false}